{
  "name": "tcpserver",
  "author": "MinHo Lee <minlee@tibco.com>",
  "type": "flogo:trigger",
  "version": "0.0.1",
  "title": "TCP Server Trigger",
  "description": "trigger description",
  "ref": "github.com/tbtfcode/flogo/tcpserver",
  "Settings": [
      {
          "name": "network",
          "type": "string",
          "description": "Network type",
          "allowed": ["tcp","tcp4","tcp6","udp","udp4","udp6"
          ],
          "value": "tcp"
      },
      {
          "name": "host",
          "type": "string",
          "description": "Host IP or name",
          "value": "0.0.0.0"
      },
      {
          "name": "port",
          "type": "string",
          "required": true,
          "description": "Port to listen on",
          "value": "8999"
      },
      {
          "name": "delimiter",
          "type": "string",
          "description": "Optional delimiter for read and write. If not set, trigger will read data stream until EOF.",
          "value": ""
      },
      {
          "name": "timeout",
          "type": "integer",
          "description": "Read and Write timeout in milliseconds",
          "value": 0
      }
  ],
  "reply": [
    {
      "name": "code",
      "type": "int",
      "description": "The code to reply with"
    },
    {
      "name": "data",
      "type": "any",
      "description": "The data to reply with"
    }
  ],
  "output": [
      {
          "name": "content",
          "type": "any",
          "description": "incomming data"
      }
  ],
  "handler": {
      "settings": []
  }
}